{"cameraMode":{"drawMode":0,"name":"Shaded","section":"Shading Mode"},"sceneLighting":true,"audioPlay":false,"sceneViewState":{"showFog":true,"showMaterialUpdate":false,"showSkybox":true,"showFlares":true,"showImageEffects":true,"showParticleSystems":true},"in2DMode":false,"pivot":{"x":-8.9864501953125,"y":1.8314675092697144,"z":23.475967407226564},"rotation":{"x":-0.12358959764242172,"y":0.26448842883110049,"z":-0.044182293117046359,"w":-0.9566285014152527},"size":3.8343122005462648,"orthographic":false}