{"cameraMode":{"drawMode":0,"name":"Shaded","section":"Shading Mode"},"sceneLighting":true,"audioPlay":false,"sceneViewState":{"showFog":true,"showMaterialUpdate":false,"showSkybox":true,"showFlares":true,"showImageEffects":true,"showParticleSystems":true},"in2DMode":false,"pivot":{"x":2.7504897117614748,"y":17.444421768188478,"z":17.742713928222658},"rotation":{"x":-0.03455755487084389,"y":-0.6921918392181397,"z":-0.033292993903160098,"w":0.7202613353729248},"size":15.758760452270508,"orthographic":false}