{"cameraMode":{"drawMode":0,"name":"Shaded","section":"Shading Mode"},"sceneLighting":false,"audioPlay":false,"sceneViewState":{"showFog":true,"showMaterialUpdate":false,"showSkybox":false,"showFlares":true,"showImageEffects":true,"showParticleSystems":true},"in2DMode":false,"pivot":{"x":3.142573595046997,"y":0.3977484405040741,"z":-17.647951126098634},"rotation":{"x":-0.09471198171377182,"y":-0.9045249819755554,"z":0.3150402903556824,"w":-0.2724764049053192},"size":4.522063255310059,"orthographic":false}