{"cameraMode":{"drawMode":0,"name":"Shaded","section":"Shading Mode"},"sceneLighting":false,"audioPlay":false,"sceneViewState":{"showFog":true,"showMaterialUpdate":false,"showSkybox":false,"showFlares":true,"showImageEffects":true,"showParticleSystems":true},"in2DMode":false,"pivot":{"x":-3.999999761581421,"y":2.0,"z":7.025000095367432},"rotation":{"x":0.11478549242019654,"y":-0.8590710759162903,"z":0.21608471870422364,"w":0.4540506601333618},"size":0.48807674646377566,"orthographic":false}